8, 24, 56, 300, 1, 1, 1, 0, 2.11761
24, 8, 8, 300, 1, 1, 1, 0, 2.23081
8, 24, 8, 300, 1, 1, 1, 0, 2.22611
24, 8, 32, 300, 1, 1, 1, 0, 2.27926
8, 8, 32, 300, 1, 1, 1, 0, 2.28929
8, 8, 8, 300, 1, 1, 1, 0, 2.23376
8, 24, 32, 300, 1, 1, 1, 0, 2.25422
8, 56, 8, 300, 1, 1, 1, 0, 2.23274
8, 40, 32, 300, 1, 1, 1, 0, 2.11906
8, 8, 56, 300, 1, 1, 1, 0, 2.35432
24, 24, 8, 300, 1, 1, 1, 0, 2.33465
8, 40, 56, 300, 1, 1, 1, 0, 1.55014
8, 40, 8, 300, 1, 1, 1, 0, 2.24251
8, 56, 32, 300, 1, 1, 1, 0, 1.74648
24, 8, 56, 300, 1, 1, 1, 0, 2.13514
8, 56, 56, 300, 1, 1, 1, 0, 1.40034
24, 40, 128, 300, 1, 1, 1, 0, 1.35745
24, 40, 32, 300, 1, 1, 1, 0, 1.67798
24, 40, 8, 300, 1, 1, 1, 0, 2.25261
24, 24, 32, 300, 1, 1, 1, 0, 2.28058
24, 24, 56, 300, 1, 1, 1, 0, 1.5747
24, 40, 56, 300, 1, 1, 1, 0, 1.40286
24, 56, 56, 300, 1, 1, 1, 0, 1.68861
24, 24, 80, 300, 1, 1, 1, 0, 1.4298
24, 24, 104, 300, 1, 1, 1, 0, 1.42279
24, 56, 32, 300, 1, 1, 1, 0, 1.46975
24, 24, 128, 300, 1, 1, 1, 0, 1.32962
24, 40, 80, 300, 1, 1, 1, 0, 1.3764
24, 24, 152, 300, 1, 1, 1, 0, 1.34253
24, 40, 104, 300, 1, 1, 1, 0, 1.3528
24, 40, 152, 300, 1, 1, 1, 0, 1.37001
24, 56, 8, 300, 1, 1, 1, 0, 2.21206
24, 72, 32, 300, 1, 1, 1, 0, 1.46746
24, 88, 32, 300, 1, 1, 1, 0, 1.42376
24, 72, 56, 300, 1, 1, 1, 0, 1.34821
24, 56, 80, 300, 1, 1, 1, 0, 1.38615
24, 88, 56, 300, 1, 1, 1, 0, 1.3312
24, 56, 104, 300, 1, 1, 1, 0, 1.34718
24, 88, 80, 300, 1, 1, 1, 0, 1.33338
24, 72, 80, 300, 1, 1, 1, 0, 1.32982
24, 72, 104, 300, 1, 1, 1, 0, 1.3315
24, 56, 152, 300, 1, 1, 1, 0, 1.32646
24, 56, 128, 300, 1, 1, 1, 0, 1.35645
24, 88, 104, 300, 1, 1, 1, 0, 1.31286
24, 72, 128, 300, 1, 1, 1, 0, 1.31474
24, 88, 128, 300, 1, 1, 1, 0, 1.31987
24, 72, 152, 300, 1, 1, 1, 0, 1.30837
24, 88, 152, 300, 1, 1, 1, 0, 1.4349
24, 104, 32, 300, 1, 1, 1, 0, 1.40455
24, 120, 32, 300, 1, 1, 1, 0, 1.3456
24, 136, 32, 300, 1, 1, 1, 0, 1.34188
24, 120, 56, 300, 1, 1, 1, 0, 1.3258
24, 104, 56, 300, 1, 1, 1, 0, 1.32979
24, 136, 56, 300, 1, 1, 1, 0, 1.30982
24, 104, 80, 300, 1, 1, 1, 0, 1.34023
24, 120, 80, 300, 1, 1, 1, 0, 1.29989
24, 104, 104, 300, 1, 1, 1, 0, 1.3137
24, 136, 80, 300, 1, 1, 1, 0, 1.31177
24, 104, 128, 300, 1, 1, 1, 0, 1.29572
24, 120, 104, 300, 1, 1, 1, 0, 1.29518
24, 120, 128, 300, 1, 1, 1, 0, 1.30545
24, 136, 104, 300, 1, 1, 1, 0, 1.42361
24, 120, 152, 300, 1, 1, 1, 0, 1.3001
24, 104, 152, 300, 1, 1, 1, 0, 1.31067
40, 8, 32, 300, 1, 1, 1, 0, 2.468
40, 8, 8, 300, 1, 1, 1, 0, 2.33874
24, 152, 32, 300, 1, 1, 1, 0, 1.37922
24, 168, 32, 300, 1, 1, 1, 0, 1.3288
24, 168, 56, 300, 1, 1, 1, 0, 1.29411
24, 152, 56, 300, 1, 1, 1, 0, 1.30672
24, 152, 80, 300, 1, 1, 1, 0, 1.28702
24, 136, 128, 300, 1, 1, 1, 0, 1.32042
24, 168, 80, 300, 1, 1, 1, 0, 1.30418
24, 152, 104, 300, 1, 1, 1, 0, 1.30277
24, 168, 104, 300, 1, 1, 1, 0, 1.29796
24, 136, 152, 300, 1, 1, 1, 0, 1.29882
24, 168, 128, 300, 1, 1, 1, 0, 1.34387
24, 152, 128, 300, 1, 1, 1, 0, 1.29176
24, 152, 152, 300, 1, 1, 1, 0, 1.30404
24, 168, 152, 300, 1, 1, 1, 0, 1.33681
40, 24, 32, 300, 1, 1, 1, 0, 1.63474
40, 24, 8, 300, 1, 1, 1, 0, 2.23405
40, 8, 56, 300, 1, 1, 1, 0, 1.49594
40, 56, 8, 300, 1, 1, 1, 0, 2.28748
40, 40, 32, 300, 1, 1, 1, 0, 1.49111
40, 24, 80, 300, 1, 1, 1, 0, 1.34261
40, 24, 56, 300, 1, 1, 1, 0, 1.47267
40, 24, 104, 300, 1, 1, 1, 0, 1.35398
40, 40, 56, 300, 1, 1, 1, 0, 1.35435
40, 40, 80, 300, 1, 1, 1, 0, 1.35085
40, 24, 128, 300, 1, 1, 1, 0, 1.34631
40, 24, 152, 300, 1, 1, 1, 0, 1.3661
40, 40, 104, 300, 1, 1, 1, 0, 1.34638
40, 40, 152, 300, 1, 1, 1, 0, 1.33054
40, 40, 128, 300, 1, 1, 1, 0, 1.32722
40, 40, 8, 300, 1, 1, 1, 0, 2.13703
40, 72, 32, 300, 1, 1, 1, 0, 1.36879
40, 56, 32, 300, 1, 1, 1, 0, 1.43572
40, 56, 56, 300, 1, 1, 1, 0, 1.35557
40, 88, 32, 300, 1, 1, 1, 0, 1.34523
40, 56, 80, 300, 1, 1, 1, 0, 1.35385
40, 88, 56, 300, 1, 1, 1, 0, 1.33046
40, 72, 80, 300, 1, 1, 1, 0, 1.31312
40, 56, 104, 300, 1, 1, 1, 0, 1.32487
40, 88, 80, 300, 1, 1, 1, 0, 1.44233
40, 56, 128, 300, 1, 1, 1, 0, 1.30775
40, 72, 104, 300, 1, 1, 1, 0, 1.31536
40, 56, 152, 300, 1, 1, 1, 0, 1.31673
40, 72, 128, 300, 1, 1, 1, 0, 1.31244
40, 72, 56, 300, 1, 1, 1, 0, 1.33956
40, 72, 152, 300, 1, 1, 1, 0, 1.32213
40, 88, 104, 300, 1, 1, 1, 0, 1.31504
40, 104, 32, 300, 1, 1, 1, 0, 1.36706
40, 136, 32, 300, 1, 1, 1, 0, 1.45898
40, 120, 32, 300, 1, 1, 1, 0, 1.31517
40, 104, 56, 300, 1, 1, 1, 0, 1.31437
40, 120, 56, 300, 1, 1, 1, 0, 1.31364
40, 104, 80, 300, 1, 1, 1, 0, 1.30086
40, 120, 80, 300, 1, 1, 1, 0, 1.30793
40, 104, 104, 300, 1, 1, 1, 0, 1.3142
40, 88, 152, 300, 1, 1, 1, 0, 1.32015
40, 88, 128, 300, 1, 1, 1, 0, 1.33201
40, 120, 104, 300, 1, 1, 1, 0, 1.30458
40, 120, 128, 300, 1, 1, 1, 0, 1.29944
40, 120, 152, 300, 1, 1, 1, 0, 1.31275
40, 104, 128, 300, 1, 1, 1, 0, 1.30267
40, 104, 152, 300, 1, 1, 1, 0, 1.31033
40, 136, 56, 300, 1, 1, 1, 0, 1.30114
40, 152, 32, 300, 1, 1, 1, 0, 1.30423
40, 168, 56, 300, 1, 1, 1, 0, 1.43093
40, 152, 56, 300, 1, 1, 1, 0, 1.30692
40, 136, 80, 300, 1, 1, 1, 0, 1.32381
40, 136, 104, 300, 1, 1, 1, 0, 1.30317
40, 168, 32, 300, 1, 1, 1, 0, 1.31307
40, 152, 80, 300, 1, 1, 1, 0, 1.29788
40, 152, 104, 300, 1, 1, 1, 0, 1.3097
40, 136, 128, 300, 1, 1, 1, 0, 1.32995
40, 136, 152, 300, 1, 1, 1, 0, 1.31155
40, 152, 128, 300, 1, 1, 1, 0, 1.30964
40, 152, 152, 300, 1, 1, 1, 0, 1.32585
40, 168, 80, 300, 1, 1, 1, 0, 1.30355
40, 168, 104, 300, 1, 1, 1, 0, 1.31459
40, 168, 128, 300, 1, 1, 1, 0, 1.30724
40, 168, 152, 300, 1, 1, 1, 0, 1.32312
56, 8, 32, 300, 1, 1, 1, 0, 1.75535
56, 40, 8, 300, 1, 1, 1, 0, 2.28394
56, 24, 8, 300, 1, 1, 1, 0, 2.20268
56, 8, 8, 300, 1, 1, 1, 0, 2.25663
56, 8, 56, 300, 1, 1, 1, 0, 1.44064
56, 24, 32, 300, 1, 1, 1, 0, 1.44173
56, 24, 56, 300, 1, 1, 1, 0, 1.38588
56, 24, 80, 300, 1, 1, 1, 0, 1.34913
56, 24, 128, 300, 1, 1, 1, 0, 1.33329
56, 24, 104, 300, 1, 1, 1, 0, 1.34268
56, 24, 152, 300, 1, 1, 1, 0, 1.36389
56, 40, 80, 300, 1, 1, 1, 0, 1.35499
56, 40, 32, 300, 1, 1, 1, 0, 1.39795
56, 40, 56, 300, 1, 1, 1, 0, 1.35423
56, 40, 104, 300, 1, 1, 1, 0, 1.34133
56, 40, 128, 300, 1, 1, 1, 0, 1.33463
56, 56, 32, 300, 1, 1, 1, 0, 1.36801
56, 72, 32, 300, 1, 1, 1, 0, 1.34489
56, 56, 56, 300, 1, 1, 1, 0, 1.32832
56, 72, 56, 300, 1, 1, 1, 0, 1.44818
56, 56, 80, 300, 1, 1, 1, 0, 1.30861
56, 40, 152, 300, 1, 1, 1, 0, 1.33663
56, 56, 104, 300, 1, 1, 1, 0, 1.32109
56, 56, 8, 300, 1, 1, 1, 0, 1.54606
56, 56, 128, 300, 1, 1, 1, 0, 1.31179
56, 56, 152, 300, 1, 1, 1, 0, 1.3175
56, 72, 80, 300, 1, 1, 1, 0, 1.30579
56, 72, 104, 300, 1, 1, 1, 0, 1.32092
56, 72, 128, 300, 1, 1, 1, 0, 1.30595
56, 72, 152, 300, 1, 1, 1, 0, 1.33448
56, 88, 32, 300, 1, 1, 1, 0, 1.33489
56, 88, 56, 300, 1, 1, 1, 0, 1.33636
56, 104, 32, 300, 1, 1, 1, 0, 1.31106
56, 104, 56, 300, 1, 1, 1, 0, 1.31489
56, 88, 80, 300, 1, 1, 1, 0, 1.3291
56, 104, 80, 300, 1, 1, 1, 0, 1.30495
56, 88, 104, 300, 1, 1, 1, 0, 1.30771
56, 88, 128, 300, 1, 1, 1, 0, 1.33068
56, 104, 104, 300, 1, 1, 1, 0, 1.3081
56, 88, 152, 300, 1, 1, 1, 0, 1.32836
56, 104, 128, 300, 1, 1, 1, 0, 1.31034
56, 104, 152, 300, 1, 1, 1, 0, 1.41874
56, 120, 32, 300, 1, 1, 1, 0, 1.3068
56, 120, 56, 300, 1, 1, 1, 0, 1.31543
56, 120, 80, 300, 1, 1, 1, 0, 1.31069
56, 120, 104, 300, 1, 1, 1, 0, 1.34304
56, 120, 128, 300, 1, 1, 1, 0, 1.30832
56, 120, 152, 300, 1, 1, 1, 0, 1.33387
56, 136, 32, 300, 1, 1, 1, 0, 1.30611
56, 136, 56, 300, 1, 1, 1, 0, 1.34221
56, 136, 80, 300, 1, 1, 1, 0, 1.3279
56, 152, 32, 300, 1, 1, 1, 0, 1.3071
56, 136, 104, 300, 1, 1, 1, 0, 1.31724
56, 152, 56, 300, 1, 1, 1, 0, 1.30872
56, 136, 128, 300, 1, 1, 1, 0, 1.33149
56, 152, 80, 300, 1, 1, 1, 0, 1.31795
56, 136, 152, 300, 1, 1, 1, 0, 1.32286
56, 152, 104, 300, 1, 1, 1, 0, 1.31641
56, 152, 128, 300, 1, 1, 1, 0, 1.30376
56, 168, 32, 300, 1, 1, 1, 0, 1.36581
56, 152, 152, 300, 1, 1, 1, 0, 1.29703
56, 168, 56, 300, 1, 1, 1, 0, 1.3527
56, 168, 80, 300, 1, 1, 1, 0, 1.31787
72, 24, 80, 300, 1, 1, 1, 0, 1.33275
72, 24, 104, 300, 1, 1, 1, 0, 1.33294
72, 24, 56, 300, 1, 1, 1, 0, 1.35759
56, 168, 104, 300, 1, 1, 1, 0, 1.30956
72, 24, 152, 300, 1, 1, 1, 0, 1.32346
72, 24, 128, 300, 1, 1, 1, 0, 1.33924
56, 168, 128, 300, 1, 1, 1, 0, 1.33163
72, 40, 32, 300, 1, 1, 1, 0, 1.35844
56, 168, 152, 300, 1, 1, 1, 0, 1.32083
72, 24, 32, 300, 1, 1, 1, 0, 1.58862
72, 40, 56, 300, 1, 1, 1, 0, 1.34056
72, 40, 80, 300, 1, 1, 1, 0, 1.38247
72, 40, 104, 300, 1, 1, 1, 0, 1.35722
72, 40, 128, 300, 1, 1, 1, 0, 1.33498
72, 56, 32, 300, 1, 1, 1, 0, 1.35958
72, 56, 56, 300, 1, 1, 1, 0, 1.3178
72, 56, 80, 300, 1, 1, 1, 0, 1.32658
72, 40, 152, 300, 1, 1, 1, 0, 1.321
72, 56, 128, 300, 1, 1, 1, 0, 1.33091
72, 56, 152, 300, 1, 1, 1, 0, 1.32554
72, 72, 32, 300, 1, 1, 1, 0, 1.3331
72, 56, 104, 300, 1, 1, 1, 0, 1.34217
72, 72, 56, 300, 1, 1, 1, 0, 1.33571
72, 72, 80, 300, 1, 1, 1, 0, 1.3145
72, 72, 104, 300, 1, 1, 1, 0, 1.32302
72, 72, 128, 300, 1, 1, 1, 0, 1.36252
72, 72, 152, 300, 1, 1, 1, 0, 1.34988
72, 88, 32, 300, 1, 1, 1, 0, 1.35194
72, 88, 56, 300, 1, 1, 1, 0, 1.34569
72, 88, 104, 300, 1, 1, 1, 0, 1.3164
72, 88, 80, 300, 1, 1, 1, 0, 1.30868
72, 88, 152, 300, 1, 1, 1, 0, 1.31687
72, 88, 128, 300, 1, 1, 1, 0, 1.31629
72, 104, 32, 300, 1, 1, 1, 0, 1.33374
72, 104, 56, 300, 1, 1, 1, 0, 1.31492
72, 104, 80, 300, 1, 1, 1, 0, 1.33309
72, 104, 104, 300, 1, 1, 1, 0, 1.32395
72, 120, 32, 300, 1, 1, 1, 0, 1.43911
72, 104, 128, 300, 1, 1, 1, 0, 1.32302
72, 104, 152, 300, 1, 1, 1, 0, 1.30428
72, 120, 56, 300, 1, 1, 1, 0, 1.32695
72, 120, 80, 300, 1, 1, 1, 0, 1.32689
72, 120, 104, 300, 1, 1, 1, 0, 1.30706
72, 120, 128, 300, 1, 1, 1, 0, 1.31738
72, 136, 32, 300, 1, 1, 1, 0, 1.31228
72, 136, 56, 300, 1, 1, 1, 0, 1.32495
72, 136, 80, 300, 1, 1, 1, 0, 1.3085
72, 136, 104, 300, 1, 1, 1, 0, 1.32367
72, 120, 152, 300, 1, 1, 1, 0, 1.33235
72, 152, 32, 300, 1, 1, 1, 0, 1.31253
72, 136, 128, 300, 1, 1, 1, 0, 1.3227
72, 136, 152, 300, 1, 1, 1, 0, 1.40404
72, 152, 56, 300, 1, 1, 1, 0, 1.3273
72, 152, 80, 300, 1, 1, 1, 0, 1.32866
72, 152, 104, 300, 1, 1, 1, 0, 1.315
72, 168, 32, 300, 1, 1, 1, 0, 1.29949
72, 152, 128, 300, 1, 1, 1, 0, 1.3196
72, 168, 56, 300, 1, 1, 1, 0, 1.30977
72, 152, 152, 300, 1, 1, 1, 0, 1.31638
88, 24, 56, 300, 1, 1, 1, 0, 1.36034
88, 24, 80, 300, 1, 1, 1, 0, 1.4618
88, 24, 32, 300, 1, 1, 1, 0, 1.47171
72, 168, 80, 300, 1, 1, 1, 0, 1.31709
72, 168, 104, 300, 1, 1, 1, 0, 1.30928
72, 168, 128, 300, 1, 1, 1, 0, 1.30928
72, 168, 152, 300, 1, 1, 1, 0, 1.31592
88, 24, 104, 300, 1, 1, 1, 0, 1.3544
88, 24, 128, 300, 1, 1, 1, 0, 1.35265
88, 40, 32, 300, 1, 1, 1, 0, 1.38471
88, 24, 152, 300, 1, 1, 1, 0, 1.34677
88, 40, 56, 300, 1, 1, 1, 0, 1.33559
88, 40, 128, 300, 1, 1, 1, 0, 1.3792
88, 40, 80, 300, 1, 1, 1, 0, 1.31684
88, 56, 32, 300, 1, 1, 1, 0, 1.33223
88, 40, 104, 300, 1, 1, 1, 0, 1.35928
88, 56, 56, 300, 1, 1, 1, 0, 1.32491
88, 40, 152, 300, 1, 1, 1, 0, 1.33536
88, 56, 80, 300, 1, 1, 1, 0, 1.34437
88, 56, 104, 300, 1, 1, 1, 0, 1.33394
88, 56, 128, 300, 1, 1, 1, 0, 1.31833
88, 56, 152, 300, 1, 1, 1, 0, 1.32104
88, 72, 32, 300, 1, 1, 1, 0, 1.3578
88, 72, 56, 300, 1, 1, 1, 0, 1.32779
88, 72, 80, 300, 1, 1, 1, 0, 1.33175
88, 88, 32, 300, 1, 1, 1, 0, 1.31589
88, 88, 56, 300, 1, 1, 1, 0, 1.30604
88, 88, 80, 300, 1, 1, 1, 0, 1.44031
88, 72, 104, 300, 1, 1, 1, 0, 1.32193
88, 72, 152, 300, 1, 1, 1, 0, 1.3156
88, 72, 128, 300, 1, 1, 1, 0, 1.31926
88, 88, 104, 300, 1, 1, 1, 0, 1.33305
88, 88, 128, 300, 1, 1, 1, 0, 1.33594
88, 104, 32, 300, 1, 1, 1, 0, 1.33189
88, 88, 152, 300, 1, 1, 1, 0, 1.30283
88, 104, 56, 300, 1, 1, 1, 0, 1.32137
88, 104, 80, 300, 1, 1, 1, 0, 1.32197
88, 104, 104, 300, 1, 1, 1, 0, 1.3238
88, 120, 32, 300, 1, 1, 1, 0, 1.31277
88, 120, 56, 300, 1, 1, 1, 0, 1.30423
88, 104, 128, 300, 1, 1, 1, 0, 1.31424
88, 120, 80, 300, 1, 1, 1, 0, 1.31816
88, 120, 104, 300, 1, 1, 1, 0, 1.41048
88, 104, 152, 300, 1, 1, 1, 0, 1.31798
88, 120, 128, 300, 1, 1, 1, 0, 1.33317
88, 120, 152, 300, 1, 1, 1, 0, 1.32115
88, 136, 32, 300, 1, 1, 1, 0, 1.32901
88, 136, 56, 300, 1, 1, 1, 0, 1.31687
88, 136, 80, 300, 1, 1, 1, 0, 1.32955
88, 136, 104, 300, 1, 1, 1, 0, 1.31495
88, 152, 32, 300, 1, 1, 1, 0, 1.29985
88, 152, 56, 300, 1, 1, 1, 0, 1.31043
88, 136, 128, 300, 1, 1, 1, 0, 1.33561
88, 136, 152, 300, 1, 1, 1, 0, 1.31685
88, 152, 80, 300, 1, 1, 1, 0, 1.33497
8, 24, 8, 300, 1, 32, 1, 0, 0.0326304
88, 152, 104, 300, 1, 1, 1, 0, 1.32085
88, 152, 128, 300, 1, 1, 1, 0, 1.36611
88, 168, 32, 300, 1, 1, 1, 0, 1.3268
88, 152, 152, 300, 1, 1, 1, 0, 1.32799
88, 168, 56, 300, 1, 1, 1, 0, 1.36855
88, 168, 80, 300, 1, 1, 1, 0, 1.30558
88, 168, 104, 300, 1, 1, 1, 0, 1.32154
104, 24, 32, 300, 1, 1, 1, 0, 1.40878
104, 24, 56, 300, 1, 1, 1, 0, 1.3474
104, 24, 80, 300, 1, 1, 1, 0, 1.32923
104, 24, 104, 300, 1, 1, 1, 0, 1.3067
88, 168, 128, 300, 1, 1, 1, 0, 1.32229
104, 24, 128, 300, 1, 1, 1, 0, 1.31536
104, 24, 152, 300, 1, 1, 1, 0, 1.31274
88, 168, 152, 300, 1, 1, 1, 0, 1.32562
104, 40, 32, 300, 1, 1, 1, 0, 1.38085
104, 40, 56, 300, 1, 1, 1, 0, 1.34185
104, 40, 80, 300, 1, 1, 1, 0, 1.43198
104, 40, 104, 300, 1, 1, 1, 0, 1.32495
104, 40, 128, 300, 1, 1, 1, 0, 1.32494
8, 24, 32, 300, 1, 32, 1, 0, 0.0671769
104, 40, 152, 300, 1, 1, 1, 0, 1.30966
104, 56, 32, 300, 1, 1, 1, 0, 1.35631
104, 56, 56, 300, 1, 1, 1, 0, 1.332
104, 56, 80, 300, 1, 1, 1, 0, 1.34607
104, 56, 104, 300, 1, 1, 1, 0, 1.30679
104, 56, 128, 300, 1, 1, 1, 0, 1.32076
104, 72, 32, 300, 1, 1, 1, 0, 1.31982
104, 56, 152, 300, 1, 1, 1, 0, 1.30996
104, 72, 56, 300, 1, 1, 1, 0, 1.33831
104, 72, 80, 300, 1, 1, 1, 0, 1.33495
104, 72, 104, 300, 1, 1, 1, 0, 1.41182
104, 72, 128, 300, 1, 1, 1, 0, 1.3215
104, 72, 152, 300, 1, 1, 1, 0, 1.30689
104, 88, 32, 300, 1, 1, 1, 0, 1.33323
104, 88, 56, 300, 1, 1, 1, 0, 1.31914
104, 88, 80, 300, 1, 1, 1, 0, 1.3385
104, 104, 32, 300, 1, 1, 1, 0, 1.30238
104, 88, 104, 300, 1, 1, 1, 0, 1.32348
104, 88, 128, 300, 1, 1, 1, 0, 1.31198
104, 88, 152, 300, 1, 1, 1, 0, 1.32412
104, 104, 56, 300, 1, 1, 1, 0, 1.30838
104, 104, 80, 300, 1, 1, 1, 0, 1.33614
104, 104, 104, 300, 1, 1, 1, 0, 1.33263
104, 104, 128, 300, 1, 1, 1, 0, 1.35614
8, 24, 56, 300, 1, 32, 1, 0, 0.115884
104, 104, 152, 300, 1, 1, 1, 0, 1.32908
104, 120, 32, 300, 1, 1, 1, 0, 1.33935
104, 120, 56, 300, 1, 1, 1, 0, 1.33593
104, 120, 80, 300, 1, 1, 1, 0, 1.36658
104, 136, 32, 300, 1, 1, 1, 0, 1.30129
104, 120, 104, 300, 1, 1, 1, 0, 1.31346
104, 136, 56, 300, 1, 1, 1, 0, 1.30799
104, 120, 128, 300, 1, 1, 1, 0, 1.32169
104, 120, 152, 300, 1, 1, 1, 0, 1.34386
104, 136, 80, 300, 1, 1, 1, 0, 1.34576
104, 136, 104, 300, 1, 1, 1, 0, 1.3339
104, 136, 128, 300, 1, 1, 1, 0, 1.33169
104, 136, 152, 300, 1, 1, 1, 0, 1.32799
104, 152, 32, 300, 1, 1, 1, 0, 1.31636
104, 152, 56, 300, 1, 1, 1, 0, 1.32228
104, 152, 80, 300, 1, 1, 1, 0, 1.32124
104, 168, 32, 300, 1, 1, 1, 0, 1.31998
104, 152, 104, 300, 1, 1, 1, 0, 1.4081
104, 168, 56, 300, 1, 1, 1, 0, 1.29435
104, 152, 128, 300, 1, 1, 1, 0, 1.31747
104, 168, 80, 300, 1, 1, 1, 0, 1.31821
104, 168, 104, 300, 1, 1, 1, 0, 1.30779
104, 152, 152, 300, 1, 1, 1, 0, 1.32005
104, 168, 128, 300, 1, 1, 1, 0, 1.32838
120, 24, 32, 300, 1, 1, 1, 0, 1.39765
120, 24, 56, 300, 1, 1, 1, 0, 1.33998
104, 168, 152, 300, 1, 1, 1, 0, 1.32602
120, 24, 80, 300, 1, 1, 1, 0, 1.33151
120, 24, 104, 300, 1, 1, 1, 0, 1.31863
120, 24, 128, 300, 1, 1, 1, 0, 1.33284
120, 40, 32, 300, 1, 1, 1, 0, 1.47511
120, 24, 152, 300, 1, 1, 1, 0, 1.306
120, 40, 56, 300, 1, 1, 1, 0, 1.33166
120, 40, 80, 300, 1, 1, 1, 0, 1.33175
120, 40, 104, 300, 1, 1, 1, 0, 1.31946
120, 40, 128, 300, 1, 1, 1, 0, 1.31362
120, 40, 152, 300, 1, 1, 1, 0, 1.33981
120, 56, 32, 300, 1, 1, 1, 0, 1.33891
120, 56, 56, 300, 1, 1, 1, 0, 1.33064
120, 56, 80, 300, 1, 1, 1, 0, 1.31081
120, 56, 104, 300, 1, 1, 1, 0, 1.3217
120, 56, 128, 300, 1, 1, 1, 0, 1.31806
120, 56, 152, 300, 1, 1, 1, 0, 1.32353
120, 72, 32, 300, 1, 1, 1, 0, 1.30952
120, 72, 56, 300, 1, 1, 1, 0, 1.42282
8, 40, 32, 300, 1, 32, 1, 0, 0.107452
120, 72, 104, 300, 1, 1, 1, 0, 1.33259
120, 72, 80, 300, 1, 1, 1, 0, 1.32333
120, 72, 128, 300, 1, 1, 1, 0, 1.31968
120, 72, 152, 300, 1, 1, 1, 0, 1.30973
120, 88, 32, 300, 1, 1, 1, 0, 1.35416
120, 88, 56, 300, 1, 1, 1, 0, 1.32431
120, 88, 80, 300, 1, 1, 1, 0, 1.33997
120, 88, 104, 300, 1, 1, 1, 0, 1.30954
120, 88, 128, 300, 1, 1, 1, 0, 1.31976
120, 104, 32, 300, 1, 1, 1, 0, 1.33282
120, 104, 56, 300, 1, 1, 1, 0, 1.3198
120, 104, 80, 300, 1, 1, 1, 0, 1.41341
120, 88, 152, 300, 1, 1, 1, 0, 1.30667
120, 120, 32, 300, 1, 1, 1, 0, 1.30826
120, 104, 128, 300, 1, 1, 1, 0, 1.33485
120, 104, 104, 300, 1, 1, 1, 0, 1.31791
120, 104, 152, 300, 1, 1, 1, 0, 1.32418
120, 120, 56, 300, 1, 1, 1, 0, 1.33666
120, 120, 80, 300, 1, 1, 1, 0, 1.33804
120, 120, 104, 300, 1, 1, 1, 0, 1.32995
120, 120, 128, 300, 1, 1, 1, 0, 1.30769
120, 136, 32, 300, 1, 1, 1, 0, 1.33666
120, 136, 56, 300, 1, 1, 1, 0, 1.35645
120, 120, 152, 300, 1, 1, 1, 0, 1.37122
120, 136, 80, 300, 1, 1, 1, 0, 1.3046
120, 136, 104, 300, 1, 1, 1, 0, 1.32126
120, 152, 32, 300, 1, 1, 1, 0, 1.31722
120, 136, 128, 300, 1, 1, 1, 0, 1.31992
120, 136, 152, 300, 1, 1, 1, 0, 1.3374
120, 152, 56, 300, 1, 1, 1, 0, 1.33227
120, 152, 80, 300, 1, 1, 1, 0, 1.31941
120, 152, 104, 300, 1, 1, 1, 0, 1.33106
120, 168, 32, 300, 1, 1, 1, 0, 1.31276
120, 152, 128, 300, 1, 1, 1, 0, 1.31381
120, 168, 56, 300, 1, 1, 1, 0, 1.30192
136, 24, 32, 300, 1, 1, 1, 0, 1.38045
120, 152, 152, 300, 1, 1, 1, 0, 1.30692
120, 168, 80, 300, 1, 1, 1, 0, 1.30956
120, 168, 104, 300, 1, 1, 1, 0, 1.31388
136, 24, 56, 300, 1, 1, 1, 0, 1.35892
120, 168, 128, 300, 1, 1, 1, 0, 1.32208
136, 24, 80, 300, 1, 1, 1, 0, 1.31074
120, 168, 152, 300, 1, 1, 1, 0, 1.33129
136, 24, 104, 300, 1, 1, 1, 0, 1.34179
136, 24, 128, 300, 1, 1, 1, 0, 1.32058
136, 40, 32, 300, 1, 1, 1, 0, 1.31116
136, 24, 152, 300, 1, 1, 1, 0, 1.30781
136, 40, 56, 300, 1, 1, 1, 0, 1.3247
136, 40, 80, 300, 1, 1, 1, 0, 1.32983
136, 40, 104, 300, 1, 1, 1, 0, 1.30692
136, 40, 128, 300, 1, 1, 1, 0, 1.3359
136, 56, 32, 300, 1, 1, 1, 0, 1.3452
136, 40, 152, 300, 1, 1, 1, 0, 1.32172
136, 56, 56, 300, 1, 1, 1, 0, 1.32154
136, 56, 80, 300, 1, 1, 1, 0, 1.31848
136, 56, 104, 300, 1, 1, 1, 0, 1.41202
136, 56, 128, 300, 1, 1, 1, 0, 1.34676
136, 72, 32, 300, 1, 1, 1, 0, 1.3273
136, 56, 152, 300, 1, 1, 1, 0, 1.35053
136, 72, 56, 300, 1, 1, 1, 0, 1.30371
136, 72, 80, 300, 1, 1, 1, 0, 1.31361
136, 72, 104, 300, 1, 1, 1, 0, 1.3521
136, 72, 128, 300, 1, 1, 1, 0, 1.36068
136, 88, 32, 300, 1, 1, 1, 0, 1.3339
24, 8, 8, 300, 1, 32, 1, 0, 0.0331794
136, 72, 152, 300, 1, 1, 1, 0, 1.32539
136, 88, 56, 300, 1, 1, 1, 0, 1.3428
136, 88, 80, 300, 1, 1, 1, 0, 1.35014
136, 88, 104, 300, 1, 1, 1, 0, 1.31867
136, 104, 32, 300, 1, 1, 1, 0, 1.32464
136, 88, 128, 300, 1, 1, 1, 0, 1.32915
136, 88, 152, 300, 1, 1, 1, 0, 1.31947
136, 104, 56, 300, 1, 1, 1, 0, 1.32624
136, 104, 80, 300, 1, 1, 1, 0, 1.34213
136, 104, 104, 300, 1, 1, 1, 0, 1.35075
136, 104, 128, 300, 1, 1, 1, 0, 1.3625
136, 120, 32, 300, 1, 1, 1, 0, 1.32651
136, 120, 56, 300, 1, 1, 1, 0, 1.33125
136, 104, 152, 300, 1, 1, 1, 0, 1.32196
136, 120, 80, 300, 1, 1, 1, 0, 1.32071
136, 136, 32, 300, 1, 1, 1, 0, 1.36893
136, 120, 104, 300, 1, 1, 1, 0, 1.31008
136, 136, 56, 300, 1, 1, 1, 0, 1.30357
136, 120, 152, 300, 1, 1, 1, 0, 1.33484
136, 120, 128, 300, 1, 1, 1, 0, 1.30922
136, 136, 80, 300, 1, 1, 1, 0, 1.33803
136, 136, 104, 300, 1, 1, 1, 0, 1.33828
136, 152, 32, 300, 1, 1, 1, 0, 1.32291
136, 136, 128, 300, 1, 1, 1, 0, 1.33147
136, 136, 152, 300, 1, 1, 1, 0, 1.31776
136, 152, 56, 300, 1, 1, 1, 0, 1.32982
136, 152, 80, 300, 1, 1, 1, 0, 1.32798
136, 168, 32, 300, 1, 1, 1, 0, 1.30991
136, 152, 104, 300, 1, 1, 1, 0, 1.31487
136, 152, 128, 300, 1, 1, 1, 0, 1.32371
136, 168, 56, 300, 1, 1, 1, 0, 1.30201
136, 152, 152, 300, 1, 1, 1, 0, 1.31254
136, 168, 80, 300, 1, 1, 1, 0, 1.3418
136, 168, 104, 300, 1, 1, 1, 0, 1.31641
152, 24, 56, 300, 1, 1, 1, 0, 1.34241
152, 24, 80, 300, 1, 1, 1, 0, 1.31362
152, 24, 104, 300, 1, 1, 1, 0, 1.36237
152, 24, 32, 300, 1, 1, 1, 0, 1.37728
136, 168, 128, 300, 1, 1, 1, 0, 1.36998
152, 24, 128, 300, 1, 1, 1, 0, 1.30556
152, 24, 152, 300, 1, 1, 1, 0, 1.30845
152, 40, 32, 300, 1, 1, 1, 0, 1.30924
152, 40, 56, 300, 1, 1, 1, 0, 1.32551
152, 40, 80, 300, 1, 1, 1, 0, 1.31167
136, 168, 152, 300, 1, 1, 1, 0, 1.32968
152, 40, 104, 300, 1, 1, 1, 0, 1.29878
152, 40, 128, 300, 1, 1, 1, 0, 1.33492
152, 40, 152, 300, 1, 1, 1, 0, 1.31504
152, 56, 32, 300, 1, 1, 1, 0, 1.32867
152, 56, 56, 300, 1, 1, 1, 0, 1.33224
152, 56, 80, 300, 1, 1, 1, 0, 1.321
152, 56, 104, 300, 1, 1, 1, 0, 1.36006
152, 56, 128, 300, 1, 1, 1, 0, 1.35906
152, 72, 32, 300, 1, 1, 1, 0, 1.31891
152, 56, 152, 300, 1, 1, 1, 0, 1.29162
152, 72, 56, 300, 1, 1, 1, 0, 1.30945
152, 72, 80, 300, 1, 1, 1, 0, 1.32782
152, 72, 104, 300, 1, 1, 1, 0, 1.3048
152, 72, 128, 300, 1, 1, 1, 0, 1.33651
152, 72, 152, 300, 1, 1, 1, 0, 1.31061
152, 88, 32, 300, 1, 1, 1, 0, 1.3337
152, 88, 56, 300, 1, 1, 1, 0, 1.3143
152, 88, 80, 300, 1, 1, 1, 0, 1.31759
152, 88, 104, 300, 1, 1, 1, 0, 1.323
152, 88, 128, 300, 1, 1, 1, 0, 1.31559
152, 104, 32, 300, 1, 1, 1, 0, 1.31983
152, 104, 56, 300, 1, 1, 1, 0, 1.357
152, 88, 152, 300, 1, 1, 1, 0, 1.35884
152, 104, 80, 300, 1, 1, 1, 0, 1.31138
152, 104, 104, 300, 1, 1, 1, 0, 1.3115
152, 104, 128, 300, 1, 1, 1, 0, 1.31816
152, 120, 32, 300, 1, 1, 1, 0, 1.33562
152, 104, 152, 300, 1, 1, 1, 0, 1.32009
152, 120, 56, 300, 1, 1, 1, 0, 1.3047
152, 120, 80, 300, 1, 1, 1, 0, 1.33514
152, 120, 104, 300, 1, 1, 1, 0, 1.31577
152, 136, 32, 300, 1, 1, 1, 0, 1.31115
152, 136, 56, 300, 1, 1, 1, 0, 1.32938
152, 120, 152, 300, 1, 1, 1, 0, 1.32391
152, 120, 128, 300, 1, 1, 1, 0, 1.32454
152, 136, 80, 300, 1, 1, 1, 0, 1.36229
152, 152, 32, 300, 1, 1, 1, 0, 1.30084
152, 136, 104, 300, 1, 1, 1, 0, 1.31092
152, 136, 128, 300, 1, 1, 1, 0, 1.36769
152, 152, 56, 300, 1, 1, 1, 0, 1.29893
152, 152, 80, 300, 1, 1, 1, 0, 1.30985
152, 136, 152, 300, 1, 1, 1, 0, 1.33535
152, 152, 104, 300, 1, 1, 1, 0, 1.30487
152, 168, 32, 300, 1, 1, 1, 0, 1.30412
152, 152, 128, 300, 1, 1, 1, 0, 1.33103
152, 168, 56, 300, 1, 1, 1, 0, 1.32497
152, 168, 80, 300, 1, 1, 1, 0, 1.31254
168, 24, 32, 300, 1, 1, 1, 0, 1.33797
152, 152, 152, 300, 1, 1, 1, 0, 1.32863
168, 24, 56, 300, 1, 1, 1, 0, 1.33218
152, 168, 104, 300, 1, 1, 1, 0, 1.32236
168, 24, 80, 300, 1, 1, 1, 0, 1.35035
152, 168, 128, 300, 1, 1, 1, 0, 1.34503
168, 24, 104, 300, 1, 1, 1, 0, 1.33074
152, 168, 152, 300, 1, 1, 1, 0, 1.32437
168, 24, 128, 300, 1, 1, 1, 0, 1.33202
168, 24, 152, 300, 1, 1, 1, 0, 1.34525
168, 40, 32, 300, 1, 1, 1, 0, 1.31594
168, 40, 56, 300, 1, 1, 1, 0, 1.3325
168, 40, 80, 300, 1, 1, 1, 0, 1.33507
168, 40, 104, 300, 1, 1, 1, 0, 1.31941
168, 56, 32, 300, 1, 1, 1, 0, 1.33856
168, 40, 128, 300, 1, 1, 1, 0, 1.31941
168, 56, 56, 300, 1, 1, 1, 0, 1.32165
168, 40, 152, 300, 1, 1, 1, 0, 1.30591
168, 56, 80, 300, 1, 1, 1, 0, 1.32601
168, 56, 128, 300, 1, 1, 1, 0, 1.42778
168, 56, 104, 300, 1, 1, 1, 0, 1.32697
168, 72, 32, 300, 1, 1, 1, 0, 1.35678
168, 56, 152, 300, 1, 1, 1, 0, 1.33413
168, 72, 56, 300, 1, 1, 1, 0, 1.31182
168, 72, 80, 300, 1, 1, 1, 0, 1.30052
168, 88, 32, 300, 1, 1, 1, 0, 1.30995
168, 72, 104, 300, 1, 1, 1, 0, 1.29818
168, 88, 56, 300, 1, 1, 1, 0, 1.32297
168, 72, 152, 300, 1, 1, 1, 0, 1.28799
168, 72, 128, 300, 1, 1, 1, 0, 1.30269
168, 88, 80, 300, 1, 1, 1, 0, 1.35988
168, 88, 104, 300, 1, 1, 1, 0, 1.3187
168, 88, 128, 300, 1, 1, 1, 0, 1.3458
168, 88, 152, 300, 1, 1, 1, 0, 1.36447
168, 104, 32, 300, 1, 1, 1, 0, 1.36041
168, 104, 56, 300, 1, 1, 1, 0, 1.33308
168, 104, 80, 300, 1, 1, 1, 0, 1.31532
168, 120, 32, 300, 1, 1, 1, 0, 1.30831
168, 104, 104, 300, 1, 1, 1, 0, 1.31181
168, 120, 56, 300, 1, 1, 1, 0, 1.36067
168, 104, 128, 300, 1, 1, 1, 0, 1.30803
168, 120, 80, 300, 1, 1, 1, 0, 1.32932
168, 104, 152, 300, 1, 1, 1, 0, 1.31694
168, 120, 104, 300, 1, 1, 1, 0, 1.3165
168, 120, 128, 300, 1, 1, 1, 0, 1.32302
168, 120, 152, 300, 1, 1, 1, 0, 1.33697
168, 136, 32, 300, 1, 1, 1, 0, 1.36574
168, 136, 56, 300, 1, 1, 1, 0, 1.30982
168, 136, 80, 300, 1, 1, 1, 0, 1.31436
168, 136, 104, 300, 1, 1, 1, 0, 1.31394
168, 136, 128, 300, 1, 1, 1, 0, 1.36556
168, 152, 32, 300, 1, 1, 1, 0, 1.30394
168, 152, 56, 300, 1, 1, 1, 0, 1.324
168, 136, 152, 300, 1, 1, 1, 0, 1.31558
168, 152, 80, 300, 1, 1, 1, 0, 1.31635
168, 152, 104, 300, 1, 1, 1, 0, 1.32735
168, 152, 128, 300, 1, 1, 1, 0, 1.3507
168, 168, 32, 300, 1, 1, 1, 0, 1.31731
168, 152, 152, 300, 1, 1, 1, 0, 1.35915
168, 168, 56, 300, 1, 1, 1, 0, 1.29368
168, 168, 80, 300, 1, 1, 1, 0, 1.30988
168, 168, 104, 300, 1, 1, 1, 0, 1.37901
8, 8, 8, 300, 1, 4, 1, 0, 0.0158824
8, 8, 32, 300, 1, 4, 1, 0, 0.031763
168, 168, 128, 300, 1, 1, 1, 0, 1.41066
8, 8, 56, 300, 1, 4, 1, 0, 0.0597215
168, 168, 152, 300, 1, 1, 1, 0, 1.38796
8, 24, 32, 300, 1, 4, 1, 0, 0.0502929
8, 24, 8, 300, 1, 4, 1, 0, 0.023999
8, 24, 56, 300, 1, 4, 1, 0, 0.0869974
8, 40, 8, 300, 1, 4, 1, 0, 0.0403194
8, 40, 32, 300, 1, 4, 1, 0, 0.0827405
8, 40, 56, 300, 1, 4, 1, 0, 0.145263
8, 56, 8, 300, 1, 4, 1, 0, 0.0559098
8, 56, 32, 300, 1, 4, 1, 0, 0.118307
8, 56, 56, 300, 1, 4, 1, 0, 0.196871
24, 8, 8, 300, 1, 4, 1, 0, 0.0229097
24, 8, 32, 300, 1, 4, 1, 0, 0.0464765
24, 8, 56, 300, 1, 4, 1, 0, 0.0858452
24, 24, 8, 300, 1, 4, 1, 0, 0.0341846
24, 24, 32, 300, 1, 4, 1, 0, 0.0739344
24, 24, 56, 300, 1, 4, 1, 0, 0.131172
24, 24, 80, 300, 1, 4, 1, 0, 0.186873
24, 24, 104, 300, 1, 4, 1, 0, 0.243851
24, 24, 128, 300, 1, 4, 1, 0, 0.301474
24, 24, 152, 300, 1, 4, 1, 0, 0.352901
24, 40, 8, 300, 1, 4, 1, 0, 0.0621156
24, 40, 32, 300, 1, 4, 1, 0, 0.120456
24, 40, 56, 300, 1, 4, 1, 0, 0.210879
24, 40, 80, 300, 1, 4, 1, 0, 0.291344
24, 40, 104, 300, 1, 4, 1, 0, 0.350672
24, 40, 128, 300, 1, 4, 1, 0, 0.43432
24, 40, 152, 300, 1, 4, 1, 0, 0.507344
24, 56, 8, 300, 1, 4, 1, 0, 0.0843581
24, 56, 32, 300, 1, 4, 1, 0, 0.17009
24, 56, 56, 300, 1, 4, 1, 0, 0.296385
24, 56, 80, 300, 1, 4, 1, 0, 0.35959
24, 56, 104, 300, 1, 4, 1, 0, 0.47385
24, 56, 128, 300, 1, 4, 1, 0, 0.588804
24, 56, 152, 300, 1, 4, 1, 0, 0.62354
24, 72, 32, 300, 1, 4, 1, 0, 0.22299
24, 72, 56, 300, 1, 4, 1, 0, 0.33799
24, 72, 80, 300, 1, 4, 1, 0, 0.478851
24, 72, 104, 300, 1, 4, 1, 0, 0.578953
24, 72, 128, 300, 1, 4, 1, 0, 0.630681
24, 88, 32, 300, 1, 4, 1, 0, 0.266886
24, 72, 152, 300, 1, 4, 1, 0, 0.666827
24, 88, 56, 300, 1, 4, 1, 0, 0.419395
24, 88, 104, 300, 1, 4, 1, 0, 0.67694
24, 88, 80, 300, 1, 4, 1, 0, 0.583987
24, 88, 128, 300, 1, 4, 1, 0, 0.702592
24, 88, 152, 300, 1, 4, 1, 0, 0.789121
24, 104, 32, 300, 1, 4, 1, 0, 0.315333
24, 104, 80, 300, 1, 4, 1, 0, 0.577978
24, 104, 56, 300, 1, 4, 1, 0, 0.482281
24, 104, 104, 300, 1, 4, 1, 0, 0.706775
24, 104, 128, 300, 1, 4, 1, 0, 0.789418
24, 104, 152, 300, 1, 4, 1, 0, 0.841833
24, 120, 56, 300, 1, 4, 1, 0, 0.563234
24, 120, 32, 300, 1, 4, 1, 0, 0.353856
24, 120, 80, 300, 1, 4, 1, 0, 0.632768
24, 120, 104, 300, 1, 4, 1, 0, 0.743414
24, 120, 128, 300, 1, 4, 1, 0, 0.824338
24, 136, 32, 300, 1, 4, 1, 0, 0.34993
24, 120, 152, 300, 1, 4, 1, 0, 0.888853
24, 136, 56, 300, 1, 4, 1, 0, 0.601687
24, 136, 80, 300, 1, 4, 1, 0, 0.692282
24, 136, 104, 300, 1, 4, 1, 0, 0.805063
24, 152, 32, 300, 1, 4, 1, 0, 0.40527
24, 136, 152, 300, 1, 4, 1, 0, 0.959642
24, 136, 128, 300, 1, 4, 1, 0, 0.891862
24, 152, 56, 300, 1, 4, 1, 0, 0.559684
24, 152, 80, 300, 1, 4, 1, 0, 0.721265
24, 152, 104, 300, 1, 4, 1, 0, 0.834476
24, 152, 128, 300, 1, 4, 1, 0, 0.86222
24, 168, 32, 300, 1, 4, 1, 0, 0.454564
24, 152, 152, 300, 1, 4, 1, 0, 0.970909
24, 168, 56, 300, 1, 4, 1, 0, 0.607242
24, 168, 80, 300, 1, 4, 1, 0, 0.779377
24, 168, 128, 300, 1, 4, 1, 0, 0.977291
24, 168, 104, 300, 1, 4, 1, 0, 0.898993
40, 8, 8, 300, 1, 4, 1, 0, 0.0403204
24, 168, 152, 300, 1, 4, 1, 0, 0.998158
40, 8, 32, 300, 1, 4, 1, 0, 0.0811242
40, 8, 56, 300, 1, 4, 1, 0, 0.140127
40, 24, 32, 300, 1, 4, 1, 0, 0.12362
40, 24, 56, 300, 1, 4, 1, 0, 0.221644
40, 24, 8, 300, 1, 4, 1, 0, 0.0606937
40, 24, 80, 300, 1, 4, 1, 0, 0.310816
40, 24, 104, 300, 1, 4, 1, 0, 0.374666
40, 24, 128, 300, 1, 4, 1, 0, 0.443686
40, 24, 152, 300, 1, 4, 1, 0, 0.493423
40, 40, 32, 300, 1, 4, 1, 0, 0.207336
40, 40, 8, 300, 1, 4, 1, 0, 0.104062
40, 40, 56, 300, 1, 4, 1, 0, 0.356712
40, 40, 128, 300, 1, 4, 1, 0, 0.625364
40, 40, 104, 300, 1, 4, 1, 0, 0.569715
40, 40, 80, 300, 1, 4, 1, 0, 0.44872
40, 56, 8, 300, 1, 4, 1, 0, 0.142862
40, 56, 32, 300, 1, 4, 1, 0, 0.298097
40, 40, 152, 300, 1, 4, 1, 0, 0.670913
40, 56, 56, 300, 1, 4, 1, 0, 0.428351
40, 56, 80, 300, 1, 4, 1, 0, 0.604775
40, 56, 104, 300, 1, 4, 1, 0, 0.638848
40, 56, 128, 300, 1, 4, 1, 0, 0.715049
40, 56, 152, 300, 1, 4, 1, 0, 0.829319
40, 72, 32, 300, 1, 4, 1, 0, 0.343154
40, 72, 56, 300, 1, 4, 1, 0, 0.562067
40, 72, 80, 300, 1, 4, 1, 0, 0.635564
40, 72, 128, 300, 1, 4, 1, 0, 0.88528
40, 72, 104, 300, 1, 4, 1, 0, 0.745154
24, 40, 8, 300, 1, 32, 1, 0, 0.0813209
40, 72, 152, 300, 1, 4, 1, 0, 0.899969
40, 88, 32, 300, 1, 4, 1, 0, 0.393965
40, 88, 56, 300, 1, 4, 1, 0, 0.561309
40, 88, 104, 300, 1, 4, 1, 0, 0.858119
40, 88, 80, 300, 1, 4, 1, 0, 0.706982
40, 88, 128, 300, 1, 4, 1, 0, 0.941901
40, 104, 32, 300, 1, 4, 1, 0, 0.459845
40, 88, 152, 300, 1, 4, 1, 0, 1.00193
40, 104, 56, 300, 1, 4, 1, 0, 0.653659
40, 104, 80, 300, 1, 4, 1, 0, 0.812222
40, 104, 104, 300, 1, 4, 1, 0, 0.89173
40, 104, 128, 300, 1, 4, 1, 0, 0.995962
40, 120, 32, 300, 1, 4, 1, 0, 0.530036
40, 120, 56, 300, 1, 4, 1, 0, 0.708465
40, 120, 80, 300, 1, 4, 1, 0, 0.845257
40, 104, 152, 300, 1, 4, 1, 0, 0.998669
40, 120, 104, 300, 1, 4, 1, 0, 0.943019
40, 120, 128, 300, 1, 4, 1, 0, 1.06626
40, 136, 32, 300, 1, 4, 1, 0, 0.613093
40, 136, 56, 300, 1, 4, 1, 0, 0.767324
40, 120, 152, 300, 1, 4, 1, 0, 1.04111
40, 136, 80, 300, 1, 4, 1, 0, 0.880881
40, 136, 104, 300, 1, 4, 1, 0, 1.00781
40, 136, 128, 300, 1, 4, 1, 0, 1.07796
40, 152, 32, 300, 1, 4, 1, 0, 0.555843
40, 152, 56, 300, 1, 4, 1, 0, 0.823458
40, 136, 152, 300, 1, 4, 1, 0, 1.04668
40, 152, 80, 300, 1, 4, 1, 0, 0.959592
40, 152, 104, 300, 1, 4, 1, 0, 1.0225
40, 152, 128, 300, 1, 4, 1, 0, 1.06791
40, 168, 32, 300, 1, 4, 1, 0, 0.57568
40, 168, 56, 300, 1, 4, 1, 0, 0.837082
40, 152, 152, 300, 1, 4, 1, 0, 1.13793
40, 168, 80, 300, 1, 4, 1, 0, 0.983444
56, 8, 8, 300, 1, 4, 1, 0, 0.0573386
40, 168, 104, 300, 1, 4, 1, 0, 1.0446
56, 8, 32, 300, 1, 4, 1, 0, 0.115427
40, 168, 128, 300, 1, 4, 1, 0, 1.08378
56, 8, 56, 300, 1, 4, 1, 0, 0.197442
40, 168, 152, 300, 1, 4, 1, 0, 1.11764
56, 24, 8, 300, 1, 4, 1, 0, 0.084921
56, 24, 32, 300, 1, 4, 1, 0, 0.171548
56, 24, 56, 300, 1, 4, 1, 0, 0.312314
56, 24, 80, 300, 1, 4, 1, 0, 0.377608
56, 24, 104, 300, 1, 4, 1, 0, 0.491226
56, 40, 8, 300, 1, 4, 1, 0, 0.14724
56, 24, 128, 300, 1, 4, 1, 0, 0.588366
56, 40, 32, 300, 1, 4, 1, 0, 0.285716
56, 24, 152, 300, 1, 4, 1, 0, 0.570489
56, 40, 56, 300, 1, 4, 1, 0, 0.439676
56, 40, 80, 300, 1, 4, 1, 0, 0.592833
56, 40, 104, 300, 1, 4, 1, 0, 0.644851
56, 40, 128, 300, 1, 4, 1, 0, 0.707931
56, 40, 152, 300, 1, 4, 1, 0, 0.831673
56, 56, 32, 300, 1, 4, 1, 0, 0.348452
56, 56, 56, 300, 1, 4, 1, 0, 0.608737
56, 56, 8, 300, 1, 4, 1, 0, 0.193898
56, 56, 80, 300, 1, 4, 1, 0, 0.681529
56, 56, 104, 300, 1, 4, 1, 0, 0.822682
56, 56, 128, 300, 1, 4, 1, 0, 0.847886
56, 56, 152, 300, 1, 4, 1, 0, 0.920369
56, 72, 32, 300, 1, 4, 1, 0, 0.445856
56, 72, 56, 300, 1, 4, 1, 0, 0.623149
56, 72, 80, 300, 1, 4, 1, 0, 0.780912
56, 72, 104, 300, 1, 4, 1, 0, 0.938857
56, 72, 128, 300, 1, 4, 1, 0, 0.958592
56, 72, 152, 300, 1, 4, 1, 0, 1.00311
56, 88, 32, 300, 1, 4, 1, 0, 0.533422
56, 88, 56, 300, 1, 4, 1, 0, 0.692125
56, 88, 80, 300, 1, 4, 1, 0, 0.844972
56, 88, 104, 300, 1, 4, 1, 0, 0.968655
56, 88, 128, 300, 1, 4, 1, 0, 0.979834
56, 104, 32, 300, 1, 4, 1, 0, 0.563868
56, 88, 152, 300, 1, 4, 1, 0, 1.06758
56, 104, 56, 300, 1, 4, 1, 0, 0.758119
56, 104, 80, 300, 1, 4, 1, 0, 0.892225
56, 104, 104, 300, 1, 4, 1, 0, 0.994515
56, 120, 32, 300, 1, 4, 1, 0, 0.58773
56, 104, 128, 300, 1, 4, 1, 0, 1.11105
56, 104, 152, 300, 1, 4, 1, 0, 1.11209
56, 120, 56, 300, 1, 4, 1, 0, 0.844932
56, 120, 80, 300, 1, 4, 1, 0, 0.972612
56, 136, 32, 300, 1, 4, 1, 0, 0.662348
56, 120, 104, 300, 1, 4, 1, 0, 1.06256
56, 120, 128, 300, 1, 4, 1, 0, 1.07717
56, 120, 152, 300, 1, 4, 1, 0, 1.1174
56, 136, 56, 300, 1, 4, 1, 0, 0.87334
56, 136, 80, 300, 1, 4, 1, 0, 1.00279
56, 136, 104, 300, 1, 4, 1, 0, 1.11957
56, 136, 128, 300, 1, 4, 1, 0, 1.13775
56, 152, 32, 300, 1, 4, 1, 0, 0.687809
56, 152, 56, 300, 1, 4, 1, 0, 0.902763
56, 136, 152, 300, 1, 4, 1, 0, 1.20567
56, 152, 80, 300, 1, 4, 1, 0, 1.03942
56, 168, 32, 300, 1, 4, 1, 0, 0.744999
56, 152, 104, 300, 1, 4, 1, 0, 1.09282
56, 168, 56, 300, 1, 4, 1, 0, 1.00876
56, 152, 128, 300, 1, 4, 1, 0, 1.14545
56, 152, 152, 300, 1, 4, 1, 0, 1.18174
56, 168, 80, 300, 1, 4, 1, 0, 1.0248
56, 168, 104, 300, 1, 4, 1, 0, 1.14245
72, 24, 32, 300, 1, 4, 1, 0, 0.222087
72, 24, 56, 300, 1, 4, 1, 0, 0.339196
72, 24, 80, 300, 1, 4, 1, 0, 0.482229
56, 168, 128, 300, 1, 4, 1, 0, 1.19002
72, 24, 128, 300, 1, 4, 1, 0, 0.594925
72, 24, 104, 300, 1, 4, 1, 0, 0.62508
56, 168, 152, 300, 1, 4, 1, 0, 1.24858
72, 24, 152, 300, 1, 4, 1, 0, 0.696705
72, 40, 32, 300, 1, 4, 1, 0, 0.347868
72, 40, 56, 300, 1, 4, 1, 0, 0.558435
72, 40, 80, 300, 1, 4, 1, 0, 0.637743
72, 40, 104, 300, 1, 4, 1, 0, 0.747581
72, 56, 32, 300, 1, 4, 1, 0, 0.458746
72, 40, 152, 300, 1, 4, 1, 0, 0.912357
72, 40, 128, 300, 1, 4, 1, 0, 0.831872
72, 56, 56, 300, 1, 4, 1, 0, 0.608099
72, 56, 80, 300, 1, 4, 1, 0, 0.823083
72, 56, 104, 300, 1, 4, 1, 0, 0.869333
72, 56, 128, 300, 1, 4, 1, 0, 0.950974
72, 72, 32, 300, 1, 4, 1, 0, 0.565794
72, 56, 152, 300, 1, 4, 1, 0, 1.03112
72, 72, 56, 300, 1, 4, 1, 0, 0.719583
72, 72, 80, 300, 1, 4, 1, 0, 0.908816
72, 88, 32, 300, 1, 4, 1, 0, 0.595201
72, 72, 104, 300, 1, 4, 1, 0, 0.97976
72, 72, 128, 300, 1, 4, 1, 0, 1.03595
72, 72, 152, 300, 1, 4, 1, 0, 1.08623
72, 88, 56, 300, 1, 4, 1, 0, 0.878241
72, 88, 80, 300, 1, 4, 1, 0, 0.954699
72, 104, 32, 300, 1, 4, 1, 0, 0.667785
72, 88, 104, 300, 1, 4, 1, 0, 1.01986
72, 88, 128, 300, 1, 4, 1, 0, 1.03191
72, 104, 56, 300, 1, 4, 1, 0, 0.856673
72, 104, 80, 300, 1, 4, 1, 0, 0.978815
72, 88, 152, 300, 1, 4, 1, 0, 1.16785
72, 104, 104, 300, 1, 4, 1, 0, 1.06882
72, 104, 128, 300, 1, 4, 1, 0, 1.15422
72, 120, 32, 300, 1, 4, 1, 0, 0.751609
72, 104, 152, 300, 1, 4, 1, 0, 1.19002
72, 120, 56, 300, 1, 4, 1, 0, 0.9351
72, 120, 80, 300, 1, 4, 1, 0, 1.0763
72, 120, 104, 300, 1, 4, 1, 0, 1.13117
72, 120, 128, 300, 1, 4, 1, 0, 1.20164
72, 120, 152, 300, 1, 4, 1, 0, 1.21873
72, 136, 32, 300, 1, 4, 1, 0, 0.785516
72, 136, 56, 300, 1, 4, 1, 0, 0.96589
72, 136, 80, 300, 1, 4, 1, 0, 1.07795
72, 136, 104, 300, 1, 4, 1, 0, 1.16855
72, 152, 32, 300, 1, 4, 1, 0, 0.813689
72, 136, 128, 300, 1, 4, 1, 0, 1.1995
72, 136, 152, 300, 1, 4, 1, 0, 1.2
72, 152, 56, 300, 1, 4, 1, 0, 0.990653
72, 152, 80, 300, 1, 4, 1, 0, 1.10431
72, 152, 104, 300, 1, 4, 1, 0, 1.15863
72, 168, 32, 300, 1, 4, 1, 0, 0.855265
72, 152, 128, 300, 1, 4, 1, 0, 1.23416
72, 168, 56, 300, 1, 4, 1, 0, 1.05239
72, 168, 80, 300, 1, 4, 1, 0, 1.08446
72, 168, 104, 300, 1, 4, 1, 0, 1.1488
88, 24, 32, 300, 1, 4, 1, 0, 0.26798
88, 24, 56, 300, 1, 4, 1, 0, 0.410558
72, 168, 128, 300, 1, 4, 1, 0, 1.21357
72, 168, 152, 300, 1, 4, 1, 0, 1.26365
88, 24, 80, 300, 1, 4, 1, 0, 0.561967
88, 24, 104, 300, 1, 4, 1, 0, 0.609442
88, 24, 128, 300, 1, 4, 1, 0, 0.682686
88, 40, 32, 300, 1, 4, 1, 0, 0.3934
88, 24, 152, 300, 1, 4, 1, 0, 0.802596
88, 40, 56, 300, 1, 4, 1, 0, 0.596001
88, 40, 80, 300, 1, 4, 1, 0, 0.690166
88, 40, 104, 300, 1, 4, 1, 0, 0.840154
88, 40, 128, 300, 1, 4, 1, 0, 0.933683
88, 56, 32, 300, 1, 4, 1, 0, 0.543254
88, 40, 152, 300, 1, 4, 1, 0, 1.00293
88, 56, 56, 300, 1, 4, 1, 0, 0.720656
88, 56, 80, 300, 1, 4, 1, 0, 0.835777
88, 56, 104, 300, 1, 4, 1, 0, 0.972286
88, 72, 32, 300, 1, 4, 1, 0, 0.563848
88, 56, 128, 300, 1, 4, 1, 0, 0.973664
88, 56, 152, 300, 1, 4, 1, 0, 1.07016
88, 72, 56, 300, 1, 4, 1, 0, 0.860383
88, 72, 80, 300, 1, 4, 1, 0, 0.965374
88, 72, 104, 300, 1, 4, 1, 0, 1.02086
88, 72, 128, 300, 1, 4, 1, 0, 1.03851
88, 72, 152, 300, 1, 4, 1, 0, 1.1578
88, 88, 32, 300, 1, 4, 1, 0, 0.696873
88, 88, 56, 300, 1, 4, 1, 0, 0.887397
88, 88, 80, 300, 1, 4, 1, 0, 0.999911
88, 88, 104, 300, 1, 4, 1, 0, 1.05398
88, 88, 128, 300, 1, 4, 1, 0, 1.16447
88, 88, 152, 300, 1, 4, 1, 0, 1.1783
88, 104, 32, 300, 1, 4, 1, 0, 0.722501
88, 104, 56, 300, 1, 4, 1, 0, 0.955497
88, 104, 80, 300, 1, 4, 1, 0, 1.05731
88, 104, 104, 300, 1, 4, 1, 0, 1.12725
88, 120, 32, 300, 1, 4, 1, 0, 0.788759
88, 120, 56, 300, 1, 4, 1, 0, 1.01426
88, 104, 152, 300, 1, 4, 1, 0, 1.29145
88, 104, 128, 300, 1, 4, 1, 0, 1.19925
88, 120, 80, 300, 1, 4, 1, 0, 1.0615
88, 120, 104, 300, 1, 4, 1, 0, 1.1504
88, 120, 128, 300, 1, 4, 1, 0, 1.1997
88, 136, 32, 300, 1, 4, 1, 0, 0.831651
88, 136, 56, 300, 1, 4, 1, 0, 1.04063
88, 120, 152, 300, 1, 4, 1, 0, 1.24605
88, 136, 80, 300, 1, 4, 1, 0, 1.14526
88, 136, 104, 300, 1, 4, 1, 0, 1.20061
88, 152, 32, 300, 1, 4, 1, 0, 0.869234
88, 136, 128, 300, 1, 4, 1, 0, 1.27346
88, 152, 56, 300, 1, 4, 1, 0, 1.07275
88, 136, 152, 300, 1, 4, 1, 0, 1.22978
88, 152, 80, 300, 1, 4, 1, 0, 1.1494
88, 152, 104, 300, 1, 4, 1, 0, 1.17298
88, 168, 32, 300, 1, 4, 1, 0, 0.907609
88, 152, 128, 300, 1, 4, 1, 0, 1.24385
88, 168, 56, 300, 1, 4, 1, 0, 1.04645
88, 168, 80, 300, 1, 4, 1, 0, 1.23335
104, 24, 56, 300, 1, 4, 1, 0, 0.494855
104, 24, 32, 300, 1, 4, 1, 0, 0.318973
88, 168, 104, 300, 1, 4, 1, 0, 1.20512
104, 24, 80, 300, 1, 4, 1, 0, 0.556318
104, 24, 104, 300, 1, 4, 1, 0, 0.704766
104, 24, 128, 300, 1, 4, 1, 0, 0.779784
104, 24, 152, 300, 1, 4, 1, 0, 0.90224
104, 40, 32, 300, 1, 4, 1, 0, 0.463311
104, 40, 56, 300, 1, 4, 1, 0, 0.641612
104, 40, 80, 300, 1, 4, 1, 0, 0.805983
104, 40, 104, 300, 1, 4, 1, 0, 0.896018
104, 40, 128, 300, 1, 4, 1, 0, 0.99711
104, 56, 32, 300, 1, 4, 1, 0, 0.572033
104, 40, 152, 300, 1, 4, 1, 0, 0.972271
104, 56, 56, 300, 1, 4, 1, 0, 0.791229
104, 56, 80, 300, 1, 4, 1, 0, 0.960273
104, 56, 104, 300, 1, 4, 1, 0, 0.99878
104, 56, 128, 300, 1, 4, 1, 0, 1.06452
104, 72, 32, 300, 1, 4, 1, 0, 0.626865
104, 72, 56, 300, 1, 4, 1, 0, 0.862779
104, 56, 152, 300, 1, 4, 1, 0, 1.08066
104, 88, 32, 300, 1, 4, 1, 0, 0.725437
104, 72, 80, 300, 1, 4, 1, 0, 1.00339
104, 88, 56, 300, 1, 4, 1, 0, 0.959719
104, 72, 104, 300, 1, 4, 1, 0, 1.07395
104, 72, 128, 300, 1, 4, 1, 0, 1.12356
104, 72, 152, 300, 1, 4, 1, 0, 1.18021
104, 88, 80, 300, 1, 4, 1, 0, 1.13974
104, 88, 104, 300, 1, 4, 1, 0, 1.14738
104, 104, 32, 300, 1, 4, 1, 0, 0.845038
104, 88, 128, 300, 1, 4, 1, 0, 1.18965
104, 88, 152, 300, 1, 4, 1, 0, 1.25526
104, 104, 56, 300, 1, 4, 1, 0, 1.04226
104, 104, 80, 300, 1, 4, 1, 0, 1.09301
104, 104, 104, 300, 1, 4, 1, 0, 1.22359
104, 104, 128, 300, 1, 4, 1, 0, 1.23108
104, 120, 32, 300, 1, 4, 1, 0, 0.906767
104, 120, 56, 300, 1, 4, 1, 0, 1.07919
104, 120, 80, 300, 1, 4, 1, 0, 1.11959
104, 120, 104, 300, 1, 4, 1, 0, 1.2128
104, 136, 32, 300, 1, 4, 1, 0, 0.932911
104, 136, 56, 300, 1, 4, 1, 0, 1.08673
104, 120, 128, 300, 1, 4, 1, 0, 1.24957
104, 136, 80, 300, 1, 4, 1, 0, 1.18225
104, 136, 104, 300, 1, 4, 1, 0, 1.21888
104, 152, 32, 300, 1, 4, 1, 0, 0.943054
104, 136, 128, 300, 1, 4, 1, 0, 1.27466
104, 152, 56, 300, 1, 4, 1, 0, 1.11864
104, 152, 80, 300, 1, 4, 1, 0, 1.22274
104, 152, 104, 300, 1, 4, 1, 0, 1.29264
104, 168, 32, 300, 1, 4, 1, 0, 0.981207
104, 168, 56, 300, 1, 4, 1, 0, 1.15225
104, 168, 80, 300, 1, 4, 1, 0, 1.27843
104, 168, 104, 300, 1, 4, 1, 0, 1.2618
120, 24, 32, 300, 1, 4, 1, 0, 0.341404
120, 24, 56, 300, 1, 4, 1, 0, 0.563882
120, 24, 80, 300, 1, 4, 1, 0, 0.631862
120, 24, 104, 300, 1, 4, 1, 0, 0.748538
120, 24, 128, 300, 1, 4, 1, 0, 0.836875
120, 24, 152, 300, 1, 4, 1, 0, 0.885123
120, 40, 32, 300, 1, 4, 1, 0, 0.530197
120, 40, 56, 300, 1, 4, 1, 0, 0.726272
120, 40, 80, 300, 1, 4, 1, 0, 0.86619
120, 40, 104, 300, 1, 4, 1, 0, 0.975366
120, 40, 128, 300, 1, 4, 1, 0, 1.02613
120, 56, 32, 300, 1, 4, 1, 0, 0.580806
120, 40, 152, 300, 1, 4, 1, 0, 1.06251
120, 56, 56, 300, 1, 4, 1, 0, 0.826449
120, 56, 80, 300, 1, 4, 1, 0, 1.01152
120, 56, 104, 300, 1, 4, 1, 0, 1.09921
120, 72, 32, 300, 1, 4, 1, 0, 0.686314
120, 56, 128, 300, 1, 4, 1, 0, 1.09866
120, 56, 152, 300, 1, 4, 1, 0, 1.14222
120, 72, 56, 300, 1, 4, 1, 0, 0.920901
120, 72, 80, 300, 1, 4, 1, 0, 1.06531
120, 72, 104, 300, 1, 4, 1, 0, 1.12819
120, 72, 128, 300, 1, 4, 1, 0, 1.14802
120, 72, 152, 300, 1, 4, 1, 0, 1.21509
120, 88, 32, 300, 1, 4, 1, 0, 0.817399
120, 88, 56, 300, 1, 4, 1, 0, 0.992914
120, 88, 80, 300, 1, 4, 1, 0, 1.05403
120, 88, 104, 300, 1, 4, 1, 0, 1.1754
120, 104, 32, 300, 1, 4, 1, 0, 0.872388
120, 88, 128, 300, 1, 4, 1, 0, 1.18941
120, 104, 56, 300, 1, 4, 1, 0, 1.04409
120, 104, 80, 300, 1, 4, 1, 0, 1.17503
120, 104, 104, 300, 1, 4, 1, 0, 1.21208
120, 120, 32, 300, 1, 4, 1, 0, 0.884108
120, 104, 128, 300, 1, 4, 1, 0, 1.24977
120, 120, 56, 300, 1, 4, 1, 0, 1.04391
120, 120, 80, 300, 1, 4, 1, 0, 1.21053
120, 120, 104, 300, 1, 4, 1, 0, 1.22642
120, 136, 32, 300, 1, 4, 1, 0, 0.969344
120, 120, 128, 300, 1, 4, 1, 0, 1.24948
120, 136, 56, 300, 1, 4, 1, 0, 1.13576
120, 152, 32, 300, 1, 4, 1, 0, 0.930127
120, 136, 80, 300, 1, 4, 1, 0, 1.19893
120, 152, 56, 300, 1, 4, 1, 0, 1.12784
120, 152, 80, 300, 1, 4, 1, 0, 1.20342
120, 152, 104, 300, 1, 4, 1, 0, 1.27979
120, 168, 32, 300, 1, 4, 1, 0, 1.02529
120, 168, 56, 300, 1, 4, 1, 0, 1.16063
136, 24, 32, 300, 1, 4, 1, 0, 0.364573
136, 24, 80, 300, 1, 4, 1, 0, 0.72081
136, 24, 56, 300, 1, 4, 1, 0, 0.566305
136, 24, 104, 300, 1, 4, 1, 0, 0.8277
136, 24, 128, 300, 1, 4, 1, 0, 0.873883
136, 24, 152, 300, 1, 4, 1, 0, 0.900419
136, 40, 32, 300, 1, 4, 1, 0, 0.579427
136, 40, 56, 300, 1, 4, 1, 0, 0.777938
136, 40, 80, 300, 1, 4, 1, 0, 0.901754
136, 56, 32, 300, 1, 4, 1, 0, 0.669195
136, 40, 104, 300, 1, 4, 1, 0, 0.998097
136, 40, 128, 300, 1, 4, 1, 0, 1.06149
136, 56, 56, 300, 1, 4, 1, 0, 0.880546
136, 40, 152, 300, 1, 4, 1, 0, 1.03619
136, 56, 80, 300, 1, 4, 1, 0, 1.01902
136, 56, 104, 300, 1, 4, 1, 0, 1.11082
136, 56, 128, 300, 1, 4, 1, 0, 1.1521
136, 72, 32, 300, 1, 4, 1, 0, 0.751822
136, 72, 56, 300, 1, 4, 1, 0, 1.0046
136, 56, 152, 300, 1, 4, 1, 0, 1.19425
136, 72, 80, 300, 1, 4, 1, 0, 1.07707
136, 72, 104, 300, 1, 4, 1, 0, 1.13904
136, 72, 128, 300, 1, 4, 1, 0, 1.16765
136, 88, 32, 300, 1, 4, 1, 0, 0.859384
136, 88, 56, 300, 1, 4, 1, 0, 1.02537
136, 88, 80, 300, 1, 4, 1, 0, 1.13466
136, 88, 104, 300, 1, 4, 1, 0, 1.16087
136, 104, 32, 300, 1, 4, 1, 0, 0.909644
136, 88, 128, 300, 1, 4, 1, 0, 1.24264
136, 104, 56, 300, 1, 4, 1, 0, 1.08773
136, 88, 152, 300, 1, 4, 1, 0, 1.26386
136, 104, 80, 300, 1, 4, 1, 0, 1.13398
136, 120, 32, 300, 1, 4, 1, 0, 0.988454
136, 104, 104, 300, 1, 4, 1, 0, 1.21129
136, 120, 80, 300, 1, 4, 1, 0, 1.20963
136, 120, 56, 300, 1, 4, 1, 0, 1.09692
136, 136, 32, 300, 1, 4, 1, 0, 1.0123
136, 136, 56, 300, 1, 4, 1, 0, 1.12415
136, 136, 80, 300, 1, 4, 1, 0, 1.13196
136, 136, 104, 300, 1, 4, 1, 0, 1.27654
136, 152, 32, 300, 1, 4, 1, 0, 1.03717
136, 152, 56, 300, 1, 4, 1, 0, 1.1171
136, 168, 32, 300, 1, 4, 1, 0, 1.08439
136, 168, 56, 300, 1, 4, 1, 0, 1.20018
152, 24, 32, 300, 1, 4, 1, 0, 0.416007
152, 24, 56, 300, 1, 4, 1, 0, 0.566885
152, 24, 80, 300, 1, 4, 1, 0, 0.71528
136, 168, 80, 300, 1, 4, 1, 0, 1.25918
152, 24, 104, 300, 1, 4, 1, 0, 0.847783
152, 24, 128, 300, 1, 4, 1, 0, 0.88323
152, 40, 32, 300, 1, 4, 1, 0, 0.581429
152, 24, 152, 300, 1, 4, 1, 0, 0.974583
152, 40, 56, 300, 1, 4, 1, 0, 0.820593
152, 40, 80, 300, 1, 4, 1, 0, 0.920528
152, 40, 104, 300, 1, 4, 1, 0, 0.986788
152, 56, 32, 300, 1, 4, 1, 0, 0.723054
152, 40, 128, 300, 1, 4, 1, 0, 1.06486
152, 40, 152, 300, 1, 4, 1, 0, 1.12161
152, 56, 56, 300, 1, 4, 1, 0, 0.915201
152, 56, 80, 300, 1, 4, 1, 0, 1.05353
152, 72, 32, 300, 1, 4, 1, 0, 0.845818
152, 56, 104, 300, 1, 4, 1, 0, 1.1111
152, 56, 128, 300, 1, 4, 1, 0, 1.16211
152, 56, 152, 300, 1, 4, 1, 0, 1.2023
152, 72, 56, 300, 1, 4, 1, 0, 0.898911
152, 72, 80, 300, 1, 4, 1, 0, 1.05964
152, 88, 32, 300, 1, 4, 1, 0, 0.887053
152, 72, 104, 300, 1, 4, 1, 0, 1.1445
152, 88, 56, 300, 1, 4, 1, 0, 1.05979
152, 72, 128, 300, 1, 4, 1, 0, 1.24486
152, 88, 80, 300, 1, 4, 1, 0, 1.15611
152, 88, 104, 300, 1, 4, 1, 0, 1.23304
152, 104, 32, 300, 1, 4, 1, 0, 0.928464
152, 104, 56, 300, 1, 4, 1, 0, 1.10442
152, 104, 80, 300, 1, 4, 1, 0, 1.14518
152, 120, 32, 300, 1, 4, 1, 0, 1.016
152, 120, 56, 300, 1, 4, 1, 0, 1.10524
152, 120, 80, 300, 1, 4, 1, 0, 1.23468
152, 136, 32, 300, 1, 4, 1, 0, 1.02593
152, 136, 56, 300, 1, 4, 1, 0, 1.13111
152, 152, 32, 300, 1, 4, 1, 0, 1.052
152, 152, 56, 300, 1, 4, 1, 0, 1.20488
152, 152, 80, 300, 1, 4, 1, 0, 1.25621
152, 168, 32, 300, 1, 4, 1, 0, 1.0229
168, 24, 32, 300, 1, 4, 1, 0, 0.462294
152, 168, 56, 300, 1, 4, 1, 0, 1.22721
168, 24, 56, 300, 1, 4, 1, 0, 0.615299
168, 24, 80, 300, 1, 4, 1, 0, 0.807506
168, 24, 128, 300, 1, 4, 1, 0, 0.97863
168, 24, 104, 300, 1, 4, 1, 0, 0.859874
168, 24, 152, 300, 1, 4, 1, 0, 1.02828
168, 40, 56, 300, 1, 4, 1, 0, 0.843075
168, 40, 80, 300, 1, 4, 1, 0, 0.999663
168, 40, 104, 300, 1, 4, 1, 0, 1.07684
168, 56, 32, 300, 1, 4, 1, 0, 0.740995
168, 56, 56, 300, 1, 4, 1, 0, 0.997786
168, 40, 128, 300, 1, 4, 1, 0, 1.07704
168, 40, 152, 300, 1, 4, 1, 0, 1.131
168, 56, 80, 300, 1, 4, 1, 0, 1.06871
168, 56, 104, 300, 1, 4, 1, 0, 1.09209
168, 72, 32, 300, 1, 4, 1, 0, 0.861006
168, 56, 152, 300, 1, 4, 1, 0, 1.20931
168, 72, 56, 300, 1, 4, 1, 0, 1.04115
168, 56, 128, 300, 1, 4, 1, 0, 1.16367
168, 72, 80, 300, 1, 4, 1, 0, 1.1408
168, 72, 104, 300, 1, 4, 1, 0, 1.17447
168, 88, 32, 300, 1, 4, 1, 0, 0.892004
168, 88, 56, 300, 1, 4, 1, 0, 1.04382
168, 88, 80, 300, 1, 4, 1, 0, 1.19017
168, 104, 32, 300, 1, 4, 1, 0, 0.977409
168, 104, 56, 300, 1, 4, 1, 0, 1.12415
168, 104, 80, 300, 1, 4, 1, 0, 1.24274
168, 120, 32, 300, 1, 4, 1, 0, 0.97408
168, 104, 104, 300, 1, 4, 1, 0, 1.26284
168, 120, 56, 300, 1, 4, 1, 0, 1.17664
168, 136, 32, 300, 1, 4, 1, 0, 1.0433
168, 136, 56, 300, 1, 4, 1, 0, 1.16595
168, 136, 80, 300, 1, 4, 1, 0, 1.26283
168, 152, 32, 300, 1, 4, 1, 0, 1.06409
168, 152, 56, 300, 1, 4, 1, 0, 1.23025
168, 168, 32, 300, 1, 4, 1, 0, 1.11016
168, 168, 56, 300, 1, 4, 1, 0, 1.16554
